https://www.webofscience.com/wos/woscc/summary/13c7b288-87b2-4c73-b7a3-f3e7c6ff4407-db620582/relevance/1,,,,,,,,,,,,,,,,,,,,,,,,,,,,,,,,,,,,,,,,,,,,,,,,,,,,,,,,,,,,,,,,,,,,,,,
Publication Type,Authors,Book Authors,Book Editors,Book Group Authors,Author Full Names,Book Author Full Names,Group Authors,Article Title,Source Title,Book Series Title,Book Series Subtitle,Language,Document Type,Conference Title,Conference Date,Conference Location,Conference Sponsor,Conference Host,Author Keywords,Keywords Plus,Abstract,Addresses,Affiliations,Reprint Addresses,Email Addresses,Researcher Ids,ORCIDs,Funding Orgs,Funding Name Preferred,Funding Text,Cited References,Cited Reference Count,"Times Cited, WoS Core","Times Cited, All Databases",180 Day Usage Count,Since 2013 Usage Count,Publisher,Publisher City,Publisher Address,ISSN,eISSN,ISBN,Journal Abbreviation,Journal ISO Abbreviation,Publication Date,Publication Year,Volume,Issue,Part Number,Supplement,Special Issue,Meeting Abstract,Start Page,End Page,Article Number,DOI,DOI Link,Book DOI,Early Access Date,Number of Pages,WoS Categories,Web of Science Index,Research Areas,IDS Number,Pubmed Id,Open Access Designations,Highly Cited Status,Hot Paper Status,Date of Export,UT (Unique WOS ID),Web of Science Record
J,"Beale, AL; O'Donnell, JA; Nakai, ME; Nanayakkara, S; Vizi, D; Carter, K; Dean, E; Ribeiro, RV; Yiallourou, S; Carrington, MJ; Marques, FZ; Kaye, DM",,,,"Beale, Anna L.; O'Donnell, Joanne A.; Nakai, Michael E.; Nanayakkara, Shane; Vizi, Donna; Carter, Kaye; Dean, Eliza; Ribeiro, Rosilene, V; Yiallourou, Stephanie; Carrington, Melinda J.; Marques, Francine Z.; Kaye, David M.",,,The Gut Microbiome of Heart Failure With Preserved Ejection Fraction,JOURNAL OF THE AMERICAN HEART ASSOCIATION,,,,,,,,,,,,,,,,,"Marques, Francine/AAH-1562-2021; Nanayakkara, Shane/L-1233-2017; O'Donnell, Joanne/HHZ-2106-2022","Marques, Francine/0000-0003-4920-9991; Nanayakkara, Shane/0000-0002-0146-6588; O'Donnell, Joanne/0000-0002-8434-1050; Beale, Anna/0000-0002-3802-1961; Ribeiro, Rosilene/0000-0001-8312-185X; Nakai, Michael/0000-0002-6400-8007",,,,,,,,,,,,,2047-9980,,,,,Jul 6,2021,10,13,,,,,,,e020654,10.1161/JAHA.120.020654,0,,,,,,,,34212778,,,,,WOS:000669906300055,0
J,"Ferro, F; Spelat, R; Valente, C; Contessotto, P",,,,"Ferro, Federico; Spelat, Renza; Valente, Camilla; Contessotto, Paolo",,,Understanding How Heart Metabolic Derangement Shows Differential Stage Specificity for Heart Failure with Preserved and Reduced Ejection Fraction,BIOMOLECULES,,,,,,,,,,,,,,,,,"CONTESSOTTO, PAOLO/HKF-2264-2023; Ferro, Federico/IYI-9847-2023; Spelat, Renza/AAZ-2980-2021; CONTESSOTTO, PAOLO/JAN-9349-2023; Ferro, Federico/GPK-8383-2022","Spelat, Renza/0000-0001-5794-8976; CONTESSOTTO, PAOLO/0000-0002-6990-9883; Ferro, Federico/0000-0002-6023-8227; Valente, Camilla/0000-0003-3084-1102",,,,,,,,,,,,,,2218-273X,,,,JUL,2022,12,7,,,,,,,969,10.3390/biom12070969,0,,,,,,,,35883525,,,,,WOS:000832275000001,0
J,"Yu, W; Jiang, YF; Xu, H; Zhou, YF",,,,"Yu, Wei; Jiang, Yufeng; Xu, Hui; Zhou, Yafeng",,,The Interaction of Gut Microbiota and Heart Failure with Preserved Ejection Fraction: From Mechanism to Potential Therapies,BIOMEDICINES,,,,,,,,,,,,,,,,,"ZHOU, yf/IAO-5497-2023; li, xiao/GSN-6181-2022; ZHOU, YUN/ISA-9160-2023","ZHOU, YUN/0009-0003-5061-8730; Jiang, Yufeng/0000-0003-4553-4834",,,,,,,,,,,,,,2227-9059,,,,FEB,2023,11,2,,,,,,,442,10.3390/biomedicines11020442,0,,,,,,,,36830978,,,,,WOS:000938884400001,0
J,"Wang, YC; Koay, YC; Pan, C; Zhou, ZQ; Tang, WL; Wilcox, J; Li, XS; Zagouras, A; Marques, F; Allayee, H; Rey, FE; Kaye, DM; O'Sullivan, JF; Hazen, SL; Cao, Y; Lusis, AJ",,,,"Wang, Yu-Chen; Koay, Yen Chin; Pan, Calvin; Zhou, Zhiqiang; Tang, Wilson; Wilcox, Jennifer; Li, Xinmin S.; Zagouras, Alexia; Marques, Francine; Allayee, Hooman; Rey, Federico E.; Kaye, David M.; O'Sullivan, John F.; Hazen, Stanley L.; Cao, Yang; Lusis, Aldons J.",,,Indole-3-Propionic Acid Protects Against Heart Failure With Preserved Ejection Fraction,CIRCULATION RESEARCH,,,,,,,,,,,,,,,,,"Marques, Francine/AAH-1562-2021; Zhou, Zhiqiang/HIR-4954-2022","Marques, Francine/0000-0003-4920-9991; Zhou, Zhiqiang/0000-0002-8914-0864; Wilcox, Jennifer/0000-0001-6277-1079; Koay, Yen Chin/0000-0002-6704-5495; Wang, Yu-Chen/0000-0002-0690-2422; Tang, W. H. Wilson/0000-0002-8335-735X; Li, Xinmin S./0000-0003-4946-4271",,,,,,,,,,,,,0009-7330,1524-4571,,,,Feb 16,2024,134,4,,,,,371,389,,10.1161/CIRCRESAHA.123.322381,0,,,,,,,,38264909,,,,,WOS:001161827900009,0
J,"Sata, Y; Marques, FZ; Kaye, DM",,,,"Sata, Yusuke; Marques, Francine Z.; Kaye, David M.",,,The Emerging Role of Gut Dysbiosis in Cardio-metabolic Risk Factors for Heart Failure,CURRENT HYPERTENSION REPORTS,,,,,,,,,,,,,,,,,"Marques, Francine/AAH-1562-2021; Kaye, David/AAF-1202-2021","Marques, Francine/0000-0003-4920-9991; Kaye, David/0000-0003-4058-0372",,,,,,,,,,,,,1522-6417,1534-3111,,,,May 8,2020,22,5,,,,,,,38,10.1007/s11906-020-01046-0,0,,,,,,,,32385705,,,,,WOS:000531148700001,0
J,"Dong, ZX; Zheng, SJ; Shen, ZQ; Luo, YC; Hai, X",,,,"Dong, Zengxiang; Zheng, Sijia; Shen, Zhaoqian; Luo, Yingchun; Hai, Xin",,,Trimethylamine N-Oxide is Associated with Heart Failure Risk in Patients with Preserved Ejection Fraction,LABORATORY MEDICINE,,,,,,,,,,,,,,,,,,,,,,,,,,,,,,,0007-5027,1943-7730,,,,Jul 1,2021,52,4,,,,,346,351,,10.1093/labmed/lmaa075,0,,,,,,,,33135738,,,,,WOS:000926669500010,0
J,"Kinugasa, Y; Nakamura, K; Kamitani, H; Hirai, M; Yanagihara, K; Kato, M; Yamamoto, K",,,,"Kinugasa, Yoshiharu; Nakamura, Kensuke; Kamitani, Hiroko; Hirai, Masayuki; Yanagihara, Kiyotaka; Kato, Masahiko; Yamamoto, Kazuhiro",,,Trimethylamine N-oxide and outcomes in patients hospitalized with acute heart failure and preserved ejection fraction,ESC HEART FAILURE,,,,,,,,,,,,,,,,,,,,,,,,,,,,,,,2055-5822,,,,,JUN,2021,8,3,,,,,2103,2110,,10.1002/ehf2.13290,0,,Mar 2021,,,,,,33734604,,,,,WOS:000630040900001,0
J,"Lupu, VV; Raileanu, AA; Mihai, CM; Morariu, ID; Lupu, A; Starcea, IM; Frasinariu, OE; Mocanu, A; Dragan, F; Fotea, S",,,,"Lupu, Vasile Valeriu; Adam Raileanu, Anca; Mihai, Cristina Maria; Morariu, Ionela Daniela; Lupu, Ancuta; Starcea, Iuliana Magdalena; Frasinariu, Otilia Elena; Mocanu, Adriana; Dragan, Felicia; Fotea, Silvia",,,The Implication of the Gut Microbiome in Heart Failure,CELLS,,,,,,,,,,,,,,,,,"adamraileanu, anca/KFA-1383-2024; Lupu, Vasile Valeriu/C-1694-2014; Mihai, Cristina Maria/AAF-2026-2020; Lupu, Ancuta/IVV-3125-2023; Morariu, Ionela-Daniela/ABD-4229-2021","Lupu, Vasile Valeriu/0000-0003-2640-8795; Mihai, Cristina Maria/0000-0001-8844-0593; Morariu, Ionela-Daniela/0000-0002-7083-8197; Ignat, Ancuta/0000-0001-8147-3632; OTILIA, FRASINARIU/0000-0002-5836-1517",,,,,,,,,,,,,,2073-4409,,,,APR,2023,12,8,,,,,,,1158,10.3390/cells12081158,0,,,,,,,,37190067,,,,,WOS:000977751600001,0
J,"Desai, D; Desai, A; Jamil, A; Csendes, D; Gutlapalli, SD; Prakash, K; Swarnakari, KM; Bai, MA; Manoharan, MP; Raja, R; Khan, S",,,,"Desai, Darshi; Desai, Aditya; Jamil, Aneeque; Csendes, Denise; Gutlapalli, Sai D.; Prakash, Keerthana; Swarnakari, Kiran M.; Bai, Meena; Manoharan, Mohana P.; Raja, Rabab; Khan, Safeera",,,Re-defining the Gut Heart Axis: A Systematic Review of the Literature on the Role of Gut Microbial Dysbiosis in Patients With Heart Failure,CUREUS JOURNAL OF MEDICAL SCIENCE,,,,,,,,,,,,,,,,,"Khan, Safeera/AAU-3958-2020","Khan, Safeera/0000-0002-9903-5080",,,,,,,,,,,,,,2168-8184,,,,Feb 12,2023,15,2,,,,,,,e34902,10.7759/cureus.34902,0,,,,,,,,36938237,,,,,WOS:000952330800015,0
J,"Guan, XQ; Wang, CH; Cheng, P; Fu, LY; Wu, QJ; Cheng, G; Guan, L; Sun, ZJ",,,,"Guan, Xue-Qing; Wang, Chuan-He; Cheng, Peng; Fu, Ling-Yu; Wu, Qi-Jun; Cheng, Gong; Guan, Lin; Sun, Zhi-Jun",,,"Effects of Empagliflozin on Gut Microbiota in Heart Failure with a Preserved Ejection Fraction: The Design of a Pragmatic Randomized, Open-Label Controlled Trial (EMPAGUM)",DRUG DESIGN DEVELOPMENT AND THERAPY,,,,,,,,,,,,,,,,,"liu, huan/JKI-3764-2023; tian, ye/KGL-6485-2024; Li, Chun/KBC-9591-2024; wang, hao/JKH-5890-2023; Jiang, Yu/JEZ-9814-2023; Yu, Chongxiu/KDM-7354-2024; WANG, HUI/JFA-9683-2023; Yan, Jing/JFA-6705-2023; chen, yanhong/JVE-0289-2024; li, jing/JEF-8436-2023; Chen, Chao/JHS-6563-2023; Yang, Tian/JFB-1008-2023; Liu, Yujie/IWU-6535-2023","Yu, Chongxiu/0000-0002-8221-6221; Liu, Yujie/0000-0002-1153-6156",,,,,,,,,,,,,1177-8881,,,,,,2023,17,,,,,,1495,1502,,10.2147/DDDT.S404479,0,,,,,,,,37223722,,,,,WOS:000995763000001,0
J,"Al Khodor, S; Reichert, B; Shatat, IF",,,,"Al Khodor, Souhaila; Reichert, Bernd; Shatat, Ibrahim F.",,,The Microbiome and Blood Pressure: Can Microbes Regulate Our Blood Pressure?,FRONTIERS IN PEDIATRICS,,,,,,,,,,,,,,,,,"Khodor, Souhaila Al/AAQ-6938-2020","Al Khodor, Souhaila/0000-0003-4858-7130",,,,,,,,,,,,,2296-2360,,,,,Jun 19,2017,5,,,,,,,,138,10.3389/fped.2017.00138,0,,,,,,,,28674682,,,,,WOS:000403749300001,0
J,"Kamo, T; Akazawa, H; Suzuki, J; Komuro, I",,,,"Kamo, Takehiro; Akazawa, Hiroshi; Suzuki, Jun-ichi; Komuro, Issei",,,Novel Concept of a Heart-Gut Axis in the Pathophysiology of Heart Failure,KOREAN CIRCULATION JOURNAL,,,,,,,,,,,,,,,,,"Akazawa, Hiroshi/AFN-9677-2022","Akazawa, Hiroshi/0000-0002-3574-9607",,,,,,,,,,,,,1738-5520,1738-5555,,,,SEP,2017,47,5,,,,,663,669,,10.4070/kcj.2017.0028,0,,,,,,,,28955383,,,,,WOS:000413842200004,0
J,"Yin, J; Liao, SX; He, Y; Wang, S; Xia, GH; Liu, FT; Zhu, JJ; You, C; Chen, Q; Zhou, L; Pan, SY; Zhou, HW",,,,"Yin, Jia; Liao, Shuo-Xi; He, Yan; Wang, Shan; Xia, Geng-Hong; Liu, Fei-Tong; Zhu, Jia-Jia; You, Chao; Chen, Qiong; Zhou, Liang; Pan, Su-Yue; Zhou, Hong-Wei",,,Dysbiosis of Gut Microbiota With Reduced Trimethylamine-N-Oxide Level in Patients With Large-Artery Atherosclerotic Stroke or Transient Ischemic Attack,JOURNAL OF THE AMERICAN HEART ASSOCIATION,,,,,,,,,,,,,,,,,"wang, xueting/JPY-2782-2023; Zhou, Hongwei/B-4193-2008","Pan, Suyue/0000-0003-2744-1984; He, Yan/0000-0002-6611-2959",,,,,,,,,,,,,2047-9980,,,,,NOV,2015,4,11,,,,,,,e002699,10.1161/JAHA.115.002699,0,,,,,,,,26597155,,,,,WOS:000366615600029,0
J,"Madan, S; Mehra, MR",,,,"Madan, Shivank; Mehra, Mandeep R.",,,Gut dysbiosis and heart failure: navigating the universe within,EUROPEAN JOURNAL OF HEART FAILURE,,,,,,,,,,,,,,,,,,,,,,,,,,,,,,,1388-9842,1879-0844,,,,APR,2020,22,4,,,,,629,637,,10.1002/ejhf.1792,0,,,,,,,,32168550,,,,,WOS:000528930800009,0
J,"Cui, X; Ye, L; Li, J; Jin, L; Wang, WJ; Li, SY; Bao, MH; Wu, SL; Li, LF; Geng, B; Zhou, X; Zhang, J; Cai, J",,,,"Cui, Xiao; Ye, Lei; Li, Jing; Jin, Ling; Wang, Wenjie; Li, Shuangyue; Bao, Minghui; Wu, Shouling; Li, Lifeng; Geng, Bin; Zhou, Xin; Zhang, Jian; Cai, Jun",,,Metagenomic and metabolomic analyses unveil dysbiosis of gut microbiota in chronic heart failure patients,SCIENTIFIC REPORTS,,,,,,,,,,,,,,,,,"Zhou, Xin/AAH-7351-2019; zhang, xueying/JMB-7808-2023; Geng, Bin/ABB-6045-2020; Cai, Jun/GLS-4538-2022; li, jing/HNI-1304-2023","Zhou, Xin/0000-0003-1395-7103; Geng, Bin/0000-0001-7573-8710; li, jing/0000-0002-5102-4315; Li, Shuangyue/0000-0002-7843-8630; Jin, Ling/0000-0002-0687-9234; Li, Jing/0000-0001-9392-6600",,,,,,,,,,,,,2045-2322,,,,,Jan 12,2018,8,,,,,,,,635,10.1038/s41598-017-18756-2,0,,,,,,,,29330424,,,,,WOS:000419945400076,0
J,"Ahmad, AF; Ward, NC; Dwivedi, G",,,,"Ahmad, Adilah F.; Ward, Natalie C.; Dwivedi, Girish",,,The gut microbiome and heart failure,CURRENT OPINION IN CARDIOLOGY,,,,,,,,,,,,,,,,,,"Ward, Natalie/0000-0002-6042-437X; Ahmad, Adilah/0000-0002-2999-0875",,,,,,,,,,,,,0268-4705,1531-7080,,,,MAR,2019,34,2,,,,,225,232,,10.1097/HCO.0000000000000598,0,,,,,,,,30575647,,,,,WOS:000467450000017,0
J,"Lataro, RM; Imori, PFM; Santos, ES; Silva, LEV; Duarte, RTD; Silva, CAA; Falcao, JP; Paton, JFR; Salgado, HC",,,,"Lataro, Renata M.; Imori, Priscilla F. M.; Santos, Emerson S.; Silva, Luiz Eduardo, V; Duarte, Rubens T. D.; Silva, Carlos A. A.; Falcao, Juliana P.; Paton, Julian F. R.; Salgado, Hello C.",,,Heart failure developed after myocardial infarction does not affect gut microbiota composition in the rat,AMERICAN JOURNAL OF PHYSIOLOGY-GASTROINTESTINAL AND LIVER PHYSIOLOGY,,,,,,,,,,,,,,,,,"Duarte, Rubens/AAH-1692-2019; Falcao, Juliana Pfrimer/E-9652-2012; Paton, Julian/AAM-2121-2020; Lataro, Renata Maria/K-3885-2017; Silva, Carlos/KBB-9784-2024; Silva, Luiz F./E-9749-2011","Falcao, Juliana Pfrimer/0000-0002-1459-9355; Lataro, Renata Maria/0000-0002-9183-3926; Duarte, Rubens/0000-0002-9939-3400; de Souza Santos, Emerson/0000-0002-3544-6745",,,,,,,,,,,,,0193-1857,1522-1547,,,,SEP,2019,317,3,,,,,G342,G348,,10.1152/ajpgi.00018.2019,0,,,,,,,,31314548,,,,,WOS:000483421800008,0
J,"Chen, X; Li, HY; Hu, XM; Zhang, Y; Zhang, SY",,,,"Chen, Xi; Li, Han-Yu; Hu, Xiao-Min; Zhang, Yan; Zhang, Shu-Yang",,,Current understanding of gut microbiota alterations and related therapeutic intervention strategies in heart failure,CHINESE MEDICAL JOURNAL,,,,,,,,,,,,,,,,,"Zhang, Shiwei/JIY-4344-2023; Hu, Xiaomin/GRY-1539-2022; Yang, Shu/JUU-4592-2023; lu, kai/KBB-4008-2024; Hu, Xiaomin/GQH-5077-2022",,,,,,,,,,,,,,0366-6999,2542-5641,,,,Aug 5,2019,132,15,,,,,1843,1855,,10.1097/CM9.0000000000000330,0,,,,,,,,31306229,,,,,WOS:000487665200011,0
J,"Paraskevaidis, I; Briasoulis, A; Tsougos, E",,,,"Paraskevaidis, Ioannis; Briasoulis, Alexandros; Tsougos, Elias",,,Oral Cardiac Drug-Gut Microbiota Interaction in Chronic Heart Failure Patients: An Emerging Association,INTERNATIONAL JOURNAL OF MOLECULAR SCIENCES,,,,,,,,,,,,,,,,,,"Briasoulis, Alexandros/0000-0002-5740-9670",,,,,,,,,,,,,1661-6596,1422-0067,,,,FEB,2024,25,3,,,,,,,1716,10.3390/ijms25031716,0,,,,,,,,38338995,,,,,WOS:001160173300001,0
J,"Moutsoglou, DM; Tatah, J; Prisco, SZ; Prins, KW; Staley, C; Lopez, S; Blake, M; Teigen, L; Kazmirczak, F; Weir, EK; Kabage, AJ; Guan, WH; Khoruts, A; Thenappan, T",,,,"Moutsoglou, Daphne M.; Tatah, Jasmine; Prisco, Sasha Z.; Prins, Kurt W.; Staley, Christopher; Lopez, Sharon; Blake, Madelyn; Teigen, Levi; Kazmirczak, Felipe; Weir, E. Kenneth; Kabage, Amanda J.; Guan, Weihua; Khoruts, Alexander; Thenappan, Thenappan",,,Pulmonary Arterial Hypertension Patients Have a Proinflammatory Gut Microbiome and Altered Circulating Microbial Metabolites,AMERICAN JOURNAL OF RESPIRATORY AND CRITICAL CARE MEDICINE,,,,,,,,,,,,,,,,,"Guan, Weihua/C-5030-2008","Guan, Weihua/0000-0002-8435-9672; Teigen, Levi/0000-0002-6409-0485; Thenappan, Thenappan/0000-0002-6210-0467; Kazmirczak, Felipe/0000-0001-8998-7259; Blake, Madelyn/0000-0002-6802-9470; Lopez, Sharon/0000-0002-1744-4447; Moutsoglou, Daphne/0000-0002-4071-3756; Staley, Christopher/0000-0002-2309-0083; Prisco, Sasha/0000-0002-9059-0635; Prins, Kurt/0000-0002-0364-6742",,,,,,,,,,,,,1073-449X,1535-4970,,,,Mar 15,2023,207,6,,,,,740,756,,10.1164/rccm.202203-0490OC,0,,,,,,,,36343281,,,,,WOS:000950552100016,0
J,"Tang, WHW; Nemet, I; Li, XS; Wu, YP; Haghikia, A; Witkowski, M; Koeth, RA; Demuth, I; König, M; Steinhagen-Thiessen, E; Bäckhed, F; Fischbach, MA; Deb, A; Landmesser, U; Hazen, SL",,,,"Tang, W. H. Wilson; Nemet, Ina; Li, Xinmin S.; Wu, Yuping; Haghikia, Arash; Witkowski, Marco; Koeth, Robert A.; Demuth, Ilja; Koenig, Maximilian; Steinhagen-Thiessen, Elisabeth; Backhed, Fredrik; Fischbach, Michael A.; Deb, Arjun; Landmesser, Ulf; Hazen, Stanley L.",,,Prognostic value of gut microbe-generated metabolite phenylacetylglutamine in patients with heart failure,EUROPEAN JOURNAL OF HEART FAILURE,,,,,,,,,,,,,,,,,,"Witkowski, Marco/0000-0002-6952-5038; Fischbach, Michael/0000-0003-3079-8247",,,,,,,,,,,,,1388-9842,1879-0844,,,,2024 Jan 25,2024,,,,,,,,,,10.1002/ejhf.3111,0,,Jan 2024,,,,,,38124458,,,,,WOS:001149688400001,0
J,"Ho, KJ; Ramirez, JL; Kulkarni, R; Harris, KG; Helenowski, I; Xiong, LQ; Ozaki, CK; Grenon, SM",,,,"Ho, Karen J.; Ramirez, Joel L.; Kulkarni, Rohan; Harris, Katharine G.; Helenowski, Irene; Xiong, Liqun; Ozaki, C. Keith; Grenon, S. Marlene",,,Plasma Gut Microbe-Derived Metabolites Associated with Peripheral Artery Disease and Major Adverse Cardiac Events,MICROORGANISMS,,,,,,,,,,,,,,,,,"Ozaki, C Keith/A-4937-2013","Harris, Katharine/0000-0001-6141-1207; Ho, Karen/0000-0002-7514-8953",,,,,,,,,,,,,,2076-2607,,,,OCT,2022,10,10,,,,,,,2065,10.3390/microorganisms10102065,0,,,,,,,,36296342,,,,,WOS:000873095100001,0
J,"Li, QH; Larouche-Lebel, É; Loughran, KA; Huh, TP; Suchodolski, JS; Oyama, MA",,,,"Li, Qinghong; Larouche-Lebel, Eva; Loughran, Kerry A.; Huh, Terry P.; Suchodolski, Jan S.; Oyama, Mark A.",,,Gut Dysbiosis and Its Associations with Gut Microbiota-Derived Metabolites in Dogs with Myxomatous Mitral Valve Disease,MSYSTEMS,,,,,,,,,,,,,,,,,"Li, Qinghong/K-3458-2019","Li, Qinghong/0000-0002-2584-6024",,,,,,,,,,,,,2379-5077,,,,,APR,2021,6,2,,,,,,,e00111-21,10.1128/mSystems.00111-21,0,,,,,,,,33879495,,,,,WOS:000668658500007,0
J,"Wei, HR; Zhao, MM; Wu, JF; Li, CZ; Huang, M; Gao, JN; Zhang, Q; Ji, L; Wang, Y; Zhao, CX; Dong, ED; Zheng, LM; Wang, DW",,,,"Wei, Haoran; Zhao, Mingming; Wu, Junfang; Li, Chenze; Huang, Man; Gao, Jianing; Zhang, Qi; Ji, Liang; Wang, Yan; Zhao, Chunxia; Dong, Erdan; Zheng, Lemin; Wang, Dao Wen",,,Association of Systemic Trimethyllysine With Heart Failure With Preserved Ejection Fraction and Cardiovascular Events,JOURNAL OF CLINICAL ENDOCRINOLOGY & METABOLISM,,,,,,,,,,,,,,,,,"Zhao, Chunxia/KBB-4190-2024; liu, sha/JXL-6600-2024; chen, minghui/KFR-8832-2024; Wu, Junfang/AAN-9409-2020; Gao, Jianing/HCH-0899-2022; liu, jiayu/JCP-0511-2023; gao, jianing/AIF-1804-2022; li, fangyu/KCY-0521-2024","gao, jianing/0000-0001-7081-0031; li, fangyu/0009-0009-8303-9157; Wei, Haoran/0000-0001-6566-6602; Wang, Dao Wen/0000-0002-9774-3980",,,,,,,,,,,,,0021-972X,1945-7197,,,,Nov 25,2022,107,12,,,,,E4360,E4370,,10.1210/clinem/dgac519,0,,Sep 2022,,,,,,36062477,,,,,WOS:000868820300001,0
J,"Carrillo-Salinas, FJ; Anastasiou, M; Ngwenyama, N; Kaur, K; Tai, AL; Smolgovsky, SA; Jetton, D; Aronovitz, M; Alcaide, P",,,,"Carrillo-Salinas, Francisco J.; Anastasiou, Marina; Ngwenyama, Njabulo; Kaur, Kuljeet; Tai, Albert; Smolgovsky, Sasha A.; Jetton, David; Aronovitz, Mark; Alcaide, Pilar",,,Gut dysbiosis induced by cardiac pressure overload enhances adverse cardiac remodeling in a T cell-dependent manner,GUT MICROBES,,,,,,,,,,,,,,,,,"Carrillo-Salinas, Francisco Javier/E-1737-2016","Carrillo-Salinas, Francisco Javier/0000-0002-7936-5859",,,,,,,,,,,,,1949-0976,1949-0984,,,,Nov 9,2020,12,1,,,,,1,20,,10.1080/19490976.2020.1823801,0,,,,,,,,33103561,,,,,WOS:000588451000001,0
J,"Mahenthiran, A; Wilcox, J; Tang, WHW",,,,"Mahenthiran, Ajay; Wilcox, Jennifer; Tang, W. H. Wilson",,,Heart Failure: a Punch from the Gut,CURRENT HEART FAILURE REPORTS,,,,,,,,,,,,,,,,,,"Wilcox, Jennifer/0000-0001-6277-1079",,,,,,,,,,,,,1546-9530,1546-9549,,,,APR,2024,21,2,,,,,73,80,,10.1007/s11897-024-00648-y,0,,Feb 2024,,,,,,38300390,,,,,WOS:001153749700001,0
J,"Jain, H; Marsool, MDM; Goyal, A; Sulaiman, SA; Fatima, L; Idrees, M; Sharma, B; Borra, V; Gupta, P; Nadeem, A; Jain, J; Ali, H; Sohail, AH",,,,"Jain, Hritvik; Marsool, Mohammed Dheyaa Marsool; Goyal, Aman; Sulaiman, Samia Aziz; Fatima, Laveeza; Idrees, Muhammad; Sharma, Bhavya; Borra, Vamsikalyan; Gupta, Prakash; Nadeem, Abdullah; Jain, Jyoti; Ali, Hassam; Sohail, Amir H.",,,Unveiling the relationship between gut microbiota and heart failure: Recent understandings and insights,CURRENT PROBLEMS IN CARDIOLOGY,,,,,,,,,,,,,,,,,"Ali, Hassam/AFT-4881-2022; Gupta, Prakash/AEQ-9112-2022; Marsool, Mohammed Dheyaa Marsool/HPF-3454-2023","Ali, Hassam/0000-0001-5546-9197; Gupta, Prakash/0000-0002-1267-3769; Marsool, Mohammed Dheyaa Marsool/0000-0002-3481-4534; Sulaiman, Samia/0009-0001-2937-9064; Fatima, Laveeza/0000-0002-4152-8202; Borra, Vamsikalyan/0000-0002-9595-5699; Jain, Hritvik/0000-0001-5608-4299; Goyal, Aman/0000-0001-8062-5657; Idrees, Dr.Muhammad/0000-0002-9516-8214",,,,,,,,,,,,,0146-2806,1535-6280,,,,JAN,2024,49,1,C,,,,,,102179,10.1016/j.cpcardiol.2023.102179,0,,Nov 2023,,,,,,37923029,,,,,WOS:001125775300001,0
J,"Masenga, SK; Kirabo, A",,,,"Masenga, Sepiso K. K.; Kirabo, Annet",,,Salt and Gut Microbiota in Heart Failure,CURRENT HYPERTENSION REPORTS,,,,,,,,,,,,,,,,,,,,,,,,,,,,,,,1522-6417,1534-3111,,,,AUG,2023,25,8,,,,,173,184,,10.1007/s11906-023-01245-5,0,,May 2023,,,,,,37219766,,,,,WOS:000994102800001,0
J,"Spehlmann, ME; Rangrez, AY; Dhotre, DP; Schmiedel, N; Chavan, N; Bang, C; Muller, OJ; Shouche, YS; Franke, A; Frank, D; Frey, N",,,,"Spehlmann, Martina E.; Rangrez, Ashraf Y.; Dhotre, Dhiraj P.; Schmiedel, Nesrin; Chavan, Nikita; Bang, Corinna; Mueller, Oliver J.; Shouche, Yogesh S.; Franke, Andre; Frank, Derk; Frey, Norbert",,,Heart Failure Severity Closely Correlates with Intestinal Dysbiosis and Subsequent Metabolomic Alterations,BIOMEDICINES,,,,,,,,,,,,,,,,,"Franke, Andre/B-2151-2010; Frey, Norbert/M-7749-2019; Rangrez, Ashraf/H-4988-2016","Franke, Andre/0000-0003-1530-5811; Frey, Norbert/0000-0001-7611-378X; Rangrez, Ashraf/0000-0003-2630-9754; Muller, Oliver/0000-0001-8223-2638",,,,,,,,,,,,,,2227-9059,,,,APR,2022,10,4,,,,,,,809,10.3390/biomedicines10040809,0,,,,,,,,35453559,,,,,WOS:000785510000001,0
J,"Hayashi, T; Yamashita, T; Watanabe, H; Kami, K; Yoshida, N; Tabata, T; Emoto, T; Sasaki, N; Mizoguchi, T; Irino, Y; Toh, R; Shinohara, M; Okada, Y; Ogawa, W; Yamada, T; Hirata, K",,,,"Hayashi, Tomohiro; Yamashita, Tomoya; Watanabe, Hikaru; Kami, Kenjiro; Yoshida, Naofumi; Tabata, Tokiko; Emoto, Takuo; Sasaki, Naoto; Mizoguchi, Taiji; Irino, Yasuhiro; Toh, Ryuji; Shinohara, Masakazu; Okada, Yuko; Ogawa, Wataru; Yamada, Takuji; Hirata, Ken-ichi",,,Gut Microbiome and Plasma Microbiome-Related Metabolites in Patients With Decompensated and Compensated Heart Failure,CIRCULATION JOURNAL,,,,,,,,,,,,,,,,,"Yamada, Takuji/GVS-1079-2022; Hayashi, Tomohiro/CAA-0426-2022; OGAWA, Wataru/AAQ-9586-2020","Yamada, Takuji/0000-0002-9622-1849; Hayashi, Tomohiro/0000-0002-0164-7629; Yamashita, Tomoya/0000-0003-0267-3842; YOSHIDA, NAOFUMI/0000-0003-3949-0089",,,,,,,,,,,,,1346-9843,1347-4820,,,,JAN,2019,83,1,,,,,182,#ERROR!,,10.1253/circj.CJ-18-0468,0,,,,,,,,30487369,,,,,WOS:000456427600026,0
J,"Tang, WHW; Hazen, SL",,,,"Tang, W. H. Wilson; Hazen, Stanley L.",,,The Gut Microbiome and Its Role in Cardiovascular Diseases,CIRCULATION,,,,,,,,,,,,,,,,,"Hazen, Stanley L/ABD-5845-2021; Tang, Wai Hong Wilson/I-1238-2013","Tang, W. H. Wilson/0000-0002-8335-735X",,,,,,,,,,,,,0009-7322,1524-4539,,,,Mar 14,2017,135,11,,,,,1008,1010,,10.1161/CIRCULATIONAHA.116.024251,0,,,,,,,,28289004,,,,,WOS:000396215400007,0
J,"Hatahet, J; Cook, TM; Bonomo, RR; Elshareif, N; Gavini, CK; White, CR; Jesse, J; Mansuy-Aubert, V; Aubert, G",,,,"Hatahet, Jomana; Cook, Tyler M.; Bonomo, Raiza R.; Elshareif, Nadia; Gavini, Chaitanya K.; White, Chelsea R.; Jesse, Jason; Mansuy-Aubert, Virginie; Aubert, Gregory",,,Fecal microbiome transplantation and tributyrin improves early cardiac dysfunction and modifies the BCAA metabolic pathway in a diet induced pre-HFpEF mouse model,FRONTIERS IN CARDIOVASCULAR MEDICINE,,,,,,,,,,,,,,,,,,"Elshareif, Nadia/0000-0002-3819-3958; Mansuy-Aubert, Virginie/0000-0002-9976-446X; Hatahet, Jomana/0000-0003-3322-9103",,,,,,,,,,,,,2297-055X,,,,,Feb 8,2023,10,,,,,,,,1105581,10.3389/fcvm.2023.1105581,0,,,,,,,,36844730,,,,,WOS:000935885400001,0
J,"Anderson, KM; Ferranti, EP; Alagha, EC; Mykityshyn, E; French, CE; Reilly, CM",,,,"Anderson, Kelley M.; Ferranti, Erin P.; Alagha, Emily Couvillon; Mykityshyn, Emma; French, Casey E.; Reilly, Carolyn Miller",,,The heart and gut relationship: a systematic review of the evaluation of the microbiome and trimethylamine-N-oxide (TMAO) in heart failure,HEART FAILURE REVIEWS,,,,,,,,,,,,,,,,,,"Alagha, Emily/0000-0001-7342-1082; Anderson, Kelley/0000-0002-4405-2991",,,,,,,,,,,,,1382-4147,1573-7322,,,,NOV,2022,27,6,,,,,2223,2249,,10.1007/s10741-022-10254-6,0,,Jun 2022,,,,,,35726110,,,,,WOS:000813587000001,0
J,"Hu, YC; Pan, ZY; Huang, ZY; Li, Y; Han, N; Zhuang, XM; Peng, H; Gao, QS; Wang, Q; Lee, BJY; Zhang, HP; Yang, RF; Bi, YJ; Xu, ZJZ",,,,"Hu, Yichen; Pan, Zhiyuan; Huang, Zongyu; Li, Yan; Han, Ni; Zhuang, Xiaomei; Peng, Hui; Gao, Quansheng; Wang, Qing; Lee, B. J. Yang; Zhang, Heping; Yang, Ruifu; Bi, Yujing; Xu, Zhenjiang Zech",,,Gut Microbiome-Targeted Modulations Regulate Metabolic Profiles and Alleviate Altitude-Related Cardiac Hypertrophy in Rats,MICROBIOLOGY SPECTRUM,,,,,,,,,,,,,,,,,"Bi, Yujing/ABF-4338-2021; zhang, shuai/IVU-7877-2023; Xu, Zhenjiang Zech/F-6493-2012; Zhang, He/GXN-0028-2022","Bi, Yujing/0000-0002-1228-9628;",,,,,,,,,,,,,2165-0497,,,,,FEB,2022,10,1,,,,,,,e01053-21,10.1128/spectrum.01053-21,0,,,,,,,,35138162,,,,,WOS:000766015800038,0
J,"Masenga, SK; Povia, JP; Lwiindi, PC; Kirabo, A",,,,"Masenga, Sepiso K.; Povia, Joreen P.; Lwiindi, Propheria C.; Kirabo, Annet",,,Recent Advances in Microbiota-Associated Metabolites in Heart Failure,BIOMEDICINES,,,,,,,,,,,,,,,,,"Masenga, Sepiso K./O-7669-2018","Masenga, Sepiso K./0000-0003-4376-5831; Kirabo, Annet/0000-0001-8580-9359; Povia, Joreen Penga/0009-0006-7438-1549",,,,,,,,,,,,,,2227-9059,,,,AUG,2023,11,8,,,,,,,2313,10.3390/biomedicines11082313,0,,,,,,,,37626809,,,,,WOS:001057386700001,0
J,"Raju, SC; Molinaro, A; Awoyemi, A; Jorgensen, SF; Braadland, PR; Nendl, A; Seljeflot, I; Ueland, PM; Mccann, A; Aukrust, P; Vestad, B; Mayerhofer, C; Broch, K; Gullestad, L; Lappegård, KT; Halvorsen, B; Kristiansen, K; Hov, JR; Troseid, M",,,,"Raju, Sajan C.; Molinaro, Antonio; Awoyemi, Ayodeji; Jorgensen, Silje F.; Braadland, Peder R.; Nendl, Andraz; Seljeflot, Ingebjorg; Ueland, Per M.; Mccann, Adrian; Aukrust, Pal; Vestad, Beate; Mayerhofer, Cristiane; Broch, Kaspar; Gullestad, Lars; Lappegard, Knut T.; Halvorsen, Bente; Kristiansen, Karsten; Hov, Johannes R.; Troseid, Marius",,,Microbial-derived imidazole propionate links the heart failure-associated microbiome alterations to disease severity,GENOME MEDICINE,,,,,,,,,,,,,,,,,,,,,,,,,,,,,,,1756-994X,,,,,Feb 8,2024,16,1,,,,,,,27,10.1186/s13073-024-01296-6,0,,,,,,,,38331891,,,,,WOS:001157647300001,0
S,"Zeng, C; Tan, HM",,"Chen, P",,"Zeng, Cheng; Tan, Hongmei",,,"Gut Microbiota and Heart, Vascular Injury",GUT MICROBIOTA AND PATHOGENESIS OF ORGAN INJURY,Advances in Experimental Medicine and Biology,,,,,,,,,,,,,,,,"Tan, Hongmei/ABB-3205-2021",,,,,,,,,,,,,,0065-2598,2214-8019,978-981-15-2385-4; 978-981-15-2384-7,,,,2020,1238,,,,,,107,141,,10.1007/978-981-15-2385-4_8,0,10.1007/978-981-15-2385-4,,,,,,,32323183,,,,,WOS:000539027400008,0
J,"Zhao, YZ; Wang, ZN",,,,"Zhao, Yongzhong; Wang, Zeneng",,,Gut microbiome and cardiovascular disease,CURRENT OPINION IN CARDIOLOGY,,,,,,,,,,,,,,,,,"Wang, Zeneng/AAK-6119-2021; Yang, Min/JPY-3791-2023",,,,,,,,,,,,,,0268-4705,1531-7080,,,,MAY,2020,35,3,,,,,207,218,,10.1097/HCO.0000000000000720,0,,,,,,,,32068612,,,,,WOS:000561764100004,0
J,"Wei, HR; Wu, JF; Wang, HQ; Huang, J; Li, CZ; Zhang, YX; Song, YA; Zhou, ZT; Sun, Y; Xiao, L; Peng, LY; Chen, C; Zhao, CX; Wang, DW",,,,"Wei, Haoran; Wu, Junfang; Wang, Huiqing; Huang, Jin; Li, Chenze; Zhang, Yuxuan; Song, Yaonan; Zhou, Zhitong; Sun, Yang; Xiao, Lei; Peng, Liyuan; Chen, Chen; Zhao, Chunxia; Wang, Dao Wen",,,Increased circulating phenylacetylglutamine concentration elevates the predictive value of cardiovascular event risk in heart failure patients,JOURNAL OF INTERNAL MEDICINE,,,,,,,,,,,,,,,,,"Chen, Fang/JZE-4446-2024; Wang, Fei/KEH-6292-2024; Chen, Xiaojia/JYV-2395-2024; Wang, Xiaojun/JUU-9683-2023; li, fangyu/KCY-0521-2024; Lu, Lu/JPE-5187-2023; wang, jiaqi/JSL-7112-2023; Wang, Xuezhen/IUN-6267-2023; Wang, Yibin/KEZ-9645-2024; Chen, Chao/JHS-6563-2023; li, tao/JVO-9006-2024; Li, YiXue/JRW-6306-2023; zhang, jt/JVE-1333-2024; wang, shuo/KCL-3379-2024; Wei, Wei/JVM-8876-2024; Zhao, Chunxia/KBB-4190-2024; YI, J/JJE-7713-2023; Zhang, Chi/JSK-0744-2023; Lin, Xiaoqi/KFS-5750-2024; Li, June/JEF-1173-2023; cheng, chen/JHS-9462-2023; Yang, Min/JPY-3791-2023; ZHU, JIALI/JNE-3065-2023; Chen, Shuo/JEO-6350-2023","li, fangyu/0009-0009-8303-9157; Wei, Wei/0000-0002-4109-3878; Wei, Haoran/0000-0001-6566-6602",,,,,,,,,,,,,0954-6820,1365-2796,,,,OCT,2023,294,4,,,,,515,530,,10.1111/joim.13653,0,,May 2023,,,,,,37184278,,,,,WOS:000999585800001,0
J,"Peh, A; O'Donnell, JA; Broughton, BRS; Marques, FZ",,,,"Peh, Alex; O'Donnell, Joanne A.; Broughton, Brad R. S.; Marques, Francine Z.",,,Gut Microbiota and Their Metabolites in Stroke: A Double-Edged Sword,STROKE,,,,,,,,,,,,,,,,,"Peh, Alex/AAM-9310-2020; Marques, Francine/AAH-1562-2021; O'Donnell, Joanne/HHZ-2106-2022","Peh, Alex/0000-0003-3409-7405; Marques, Francine/0000-0003-4920-9991; O'Donnell, Joanne/0000-0002-8434-1050; /0000-0001-8844-974X",,,,,,,,,,,,,0039-2499,1524-4628,,,,MAY,2022,53,5,,,,,1788,1801,,10.1161/STROKEAHA.121.036800,0,,,,,,,,35135325,,,,,WOS:000786496400050,0
J,"Shuai, W; Wen, JY; Li, XL; Wang, D; Li, YD; Xiang, J",,,,"Shuai, Wei; Wen, Jingyi; Li, Xiuli; Wang, Dan; Li, Yunde; Xiang, Jian",,,"High-Choline Diet Exacerbates Cardiac Dysfunction, Fibrosis, and Inflammation in a Mouse Model of Heart Failure With Preserved Ejection Fraction",JOURNAL OF CARDIAC FAILURE,,,,,,,,,,,,,,,,,,,,,,,,,,,,,,,1071-9164,1532-8414,,,,AUG,2020,26,8,,,,,694,702,,10.1016/j.cardfail.2020.04.017,0,,,,,,,,32417378,,,,,WOS:000566463200009,0
J,"Nendl, A; Raju, SC; Broch, K; Mayerhofer, CCK; Holm, K; Halvorsen, B; Lappegård, KT; Moscavitch, S; Hov, JR; Seljeflot, I; Troseid, M; Awoyemi, A",,,,"Nendl, Andraz; Raju, Sajan C.; Broch, Kaspar; Mayerhofer, Cristiane C. K.; Holm, Kristian; Halvorsen, Bente; Lappegard, Knut Tore; Moscavitch, Samuel; Hov, Johannes Roksund; Seljeflot, Ingebjorg; Troseid, Marius; Awoyemi, Ayodeji",,,Intestinal fatty acid binding protein is associated with cardiac function and gut dysbiosis in chronic heart failure,FRONTIERS IN CARDIOVASCULAR MEDICINE,,,,,,,,,,,,,,,,,,"Raju, Sajan/0000-0002-4443-9504",,,,,,,,,,,,,2297-055X,,,,,Jun 2,2023,10,,,,,,,,1160030,10.3389/fcvm.2023.1160030,0,,,,,,,,37332580,,,,,WOS:001006519300001,0
J,"Manolis, AA; Manolis, TA; Melita, H; Manolis, AS",,,,"Manolis, Antonis A.; Manolis, Theodora A.; Melita, Helen; Manolis, Antonis S.",,,Gut Microbiota and Cardiovascular Disease: Symbiosis Versus Dysbiosis,CURRENT MEDICINAL CHEMISTRY,,,,,,,,,,,,,,,,,"Manolis, Theodora/GSI-9370-2022; Manolis, Antonis/F-5003-2014","Manolis, Theodora/0000-0001-7611-0984; Manolis, Antonis/0000-0002-0336-4745; Melita, Helen/0000-0003-2912-2127",,,,,,,,,,,,,0929-8673,1875-533X,,,,,2022,29,23,,,,,4050,4077,,10.2174/0929867328666211213112949,0,,,,,,,,34961453,,,,,WOS:000828065700007,0
J,"Albert, CL; Tang, WHW",,,,"Albert, Chonyang L.; Tang, W. H. Wilson",,,Metabolic Biomarkers in Heart Failure,HEART FAILURE CLINICS,,,,,,,,,,,,,,,,,"Tang, Wai Hong Wilson/I-1238-2013","Tang, W. H. Wilson/0000-0002-8335-735X",,,,,,,,,,,,,1551-7136,,,,,JAN,2018,14,1,,,,,109,#ERROR!,,10.1016/j.hfc.2017.08.011,0,,,,,,,,29153196,,,,,WOS:000415597900011,0
J,"Anselmi, G; Gagliardi, L; Egidi, G; Leone, S; Gasbarrini, A; Miggiano, GAD; Galiuto, L",,,,"Anselmi, Gaia; Gagliardi, Lucilla; Egidi, Gabriele; Leone, Sabrina; Gasbarrini, Antonio; Miggiano, Giacinto Abele Donato; Galiuto, Leonarda",,,Gut Microbiota and Cardiovascular Diseases A Critical Review,CARDIOLOGY IN REVIEW,,,,,,,,,,,,,,,,,"Gasbarrini, Antonio/AAB-8487-2019; Galiuto, Leonarda/AAB-9768-2022","Gasbarrini, Antonio/0000-0003-4863-6924; Gasbarrini, Antonio/0000-0002-6230-1779",,,,,,,,,,,,,1061-5377,1538-4683,,,,JUL-AUG,2021,29,4,,,,,195,204,,10.1097/CRD.0000000000000327,0,,,,,,,,32639240,,,,,WOS:000713317800006,0
J,"Yang, LB; Wang, T; Zhang, XX; Zhang, H; Yan, N; Zhang, GS; Yan, R; Li, YW; Yu, JJ; He, J; Jia, SB; Wang, H",,,,"Yang, Libo; Wang, Ting; Zhang, Xiaoxia; Zhang, Hua; Yan, Ning; Zhang, Guoshan; Yan, Ru; Li, Yiwei; Yu, Jingjing; He, Jun; Jia, Shaobin; Wang, Hao",,,Exosomes derived from human placental mesenchymal stem cells ameliorate myocardial infarction via anti-inflammation and restoring gut dysbiosis,BMC CARDIOVASCULAR DISORDERS,,,,,,,,,,,,,,,,,"Wang, Hao/AEH-8121-2022; Yuan, Yi/KGL-5178-2024",,,,,,,,,,,,,,1471-2261,,,,,Feb 17,2022,22,1,,,,,,,61,10.1186/s12872-022-02508-w,0,,,,,,,,35172728,,,,,WOS:000756855200003,0
J,"Gutiérrez-Calabrés, E; Ortega-Hernández, A; Modrego, J; Gómez-Gordo, R; Caro-Vadillo, A; Rodríguez-Bobada, C; González, P; Gómez-Garre, D",,,,"Gutierrez-Calabres, Elena; Ortega-Hernandez, Adriana; Modrego, Javier; Gomez-Gordo, Ruben; Caro-Vadillo, Alicia; Rodriguez-Bobada, Cruz; Gonzalez, Pablo; Gomez-Garre, Dulcenombre",,,Gut Microbiota Profile Identifies Transition From Compensated Cardiac Hypertrophy to Heart Failure in Hypertensive Rats,HYPERTENSION,,,,,,,,,,,,,,,,,"Gómez-Gordo Díaz, Rubén/ABC-7582-2021; Perez-Gonzalez, Pablo G/J-2871-2016; MODREGO, JAVIER/ABE-7818-2021; Gomez-Garre, Dulcenombre/I-1836-2015","Gómez-Gordo Díaz, Rubén/0000-0001-6648-7526; MODREGO, JAVIER/0000-0002-2200-9503; Gomez-Garre, Dulcenombre/0000-0002-5056-6489",,,,,,,,,,,,,0194-911X,1524-4563,,,,NOV,2020,76,5,,,,,1545,1554,,10.1161/HYPERTENSIONAHA.120.15123,0,,,,,,,,32921194,,,,,WOS:000576244500029,0
J,"Peng, JT; Gong, H; Lyu, X; Liu, Y; Li, SZ; Tan, SY; Dong, LN; Zhang, XY",,,,"Peng, Jieting; Gong, Hui; Lyu, Xing; Liu, Yang; Li, Shizhen; Tan, Shengyu; Dong, Lini; Zhang, Xiangyu",,,Characteristics of the fecal microbiome and metabolome in older patients with heart failure and sarcopenia,FRONTIERS IN CELLULAR AND INFECTION MICROBIOLOGY,,,,,,,,,,,,,,,,,"yuan, liping/JPK-7584-2023; .., What/IXW-6776-2023; liu, junyang/IXD-1252-2023; wang, wei/JBS-7400-2023; lu, yang/IWE-3635-2023; wang, yu/IUQ-6654-2023; Liu, Yujie/IWU-6535-2023; zhang, chen/JES-0371-2023; Wang, Yitong/KBA-1959-2024; liu, junyang/IXD-1201-2023; liu, jiaming/IWE-3196-2023; LI, XIAO/JCE-6169-2023; Wang, lili/IXD-9828-2023; Chen, Chao/JHS-6563-2023","Liu, Yujie/0000-0002-1153-6156;",,,,,,,,,,,,,2235-2988,,,,,Feb 24,2023,13,,,,,,,,1127041,10.3389/fcimb.2023.1127041,0,,,,,,,,36909727,,,,,WOS:000946350100001,0
J,"Kappel, BA; Lehrke, M",,,,"Kappel, B. A.; Lehrke, M.",,,"Microbiome, diabetes and heart: a novel link?",HERZ,,,,,,,,,,,,,,,,,"Lehrke, Michael/AAY-7558-2021; Kappel, Ben/H-3983-2019","Kappel, Ben/0000-0001-9065-9412",,,,,,,,,,,,,0340-9937,1615-6692,,,,MAY,2019,44,3,,,,,223,230,,10.1007/s00059-019-4791-x,0,,,,,,,,30847506,,,,,WOS:000466955000006,0
J,"Ahmad, AF; Caparrós-Martin, JA; Gray, N; Lodge, S; Wist, J; Lee, S; O'Gara, F; Shah, A; Ward, NC; Dwivedi, G",,,,"Ahmad, Adilah F.; Caparros-Martin, Jose A.; Gray, Nicola; Lodge, Samantha; Wist, Julien; Lee, Silvia; O'Gara, Fergal; Shah, Amit; Ward, Natalie C.; Dwivedi, Girish",,,"Insights into the associations between the gut microbiome, its metabolites, and heart failure",AMERICAN JOURNAL OF PHYSIOLOGY-HEART AND CIRCULATORY PHYSIOLOGY,,,,,,,,,,,,,,,,,"Gray, Nicola/ABR-7851-2022; Wist, Julien/J-4254-2018","Gray, Nicola/0000-0002-0094-5245; Wist, Julien/0000-0002-3416-2572; Ahmad, Adilah/0000-0002-2999-0875; shah, amit/0000-0002-4938-4725; Ward, Natalie/0000-0002-6042-437X; Lodge, Samantha/0000-0001-9193-0462",,,,,,,,,,,,,0363-6135,1522-1539,,,,Dec 22,2023,325,6,,,,,H1325,H1336,,10.1152/ajpheart.00436.2023,0,,,,,,,,37737730,,,,,WOS:001187476700001,0